{
  "train_losses": [
    -0.08687346080938975,
    -0.13846520284811656,
    -0.15302460491657258,
    -0.15950207511583964,
    -0.16426752110322315,
    -0.1645445833603541,
    -0.16724407374858857,
    -0.16860505441824594,
    -0.1701610118150711,
    -0.1705660750468572,
    -0.1680034746726354,
    -0.1707295020421346,
    -0.16989903648694357,
    -0.16957557996114095,
    -0.16980468233426413,
    -0.1700325697660446,
    -0.16820197105407714,
    -0.16355915268262228,
    -0.17036829491456348,
    -0.17154975434144337,
    -0.17100329995155333,
    -0.17143985529740652,
    -0.17065084377924603,
    -0.17155342400074006,
    -0.1712929755449295,
    -0.17127817074457805,
    -0.17073876659075418,
    -0.1691956877708435,
    -0.1713914672533671,
    -0.1715481807788213
  ],
  "val_losses": [
    0.0,
    0.0,
    0.0,
    0.0,
    0.0,
    0.0,
    0.0,
    0.0,
    0.0,
    0.0,
    0.0,
    0.0,
    0.0,
    0.0,
    0.0,
    0.0,
    0.0,
    0.0,
    0.0,
    0.0,
    0.0,
    0.0,
    0.0,
    0.0,
    0.0,
    0.0,
    0.0,
    0.0,
    0.0,
    0.0
  ],
  "best_val_loss": 0.0,
  "total_time": 993.0622253417969,
  "epochs": 30
}